﻿<?xml version="1.0"?>
<doc>
<assembly>
<name>
Control_us
</name>
</assembly>
<members>
<member name="T:Control_us.My.Resources.Resources">
<summary>
  A strongly-typed resource class, for looking up localized strings, etc.
</summary>
</member>
<member name="P:Control_us.My.Resources.Resources.ResourceManager">
<summary>
  Returns the cached ResourceManager instance used by this class.
</summary>
</member>
<member name="P:Control_us.My.Resources.Resources.Culture">
<summary>
  Overrides the current thread's CurrentUICulture property for all
  resource lookups using this strongly typed resource class.
</summary>
</member>
<member name="P:Control_us.My.Resources.Resources._Error">
<summary>
  Looks up a localized resource of type System.Drawing.Bitmap.
</summary>
</member>
<member name="P:Control_us.My.Resources.Resources._stop">
<summary>
  Looks up a localized resource of type System.Drawing.Bitmap.
</summary>
</member>
<member name="P:Control_us.My.Resources.Resources.favicon">
<summary>
  Looks up a localized resource of type System.Drawing.Bitmap.
</summary>
</member>
<member name="P:Control_us.My.Resources.Resources.Information">
<summary>
  Looks up a localized resource of type System.Drawing.Bitmap.
</summary>
</member>
<member name="P:Control_us.My.Resources.Resources.Question">
<summary>
  Looks up a localized resource of type System.Drawing.Bitmap.
</summary>
</member>
<member name="P:Control_us.My.Resources.Resources.Question2">
<summary>
  Looks up a localized resource of type System.Drawing.Bitmap.
</summary>
</member>
<member name="P:Control_us.My.Resources.Resources.success">
<summary>
  Looks up a localized resource of type System.Drawing.Bitmap.
</summary>
</member>
<member name="P:Control_us.My.Resources.Resources.Warning">
<summary>
  Looks up a localized resource of type System.Drawing.Bitmap.
</summary>
</member>
</members>
</doc>
